rank,input,exact_distance
275,12345672121232,11
291,12345672123212,11
435,12345672321212,11
547,12345673131323,11
555,12345673132313,11
627,12345673231313,11
729,12345761111111,11
1463,12346571111231,11
2207,12346751113133,11
2928,12347561112212,11
3645,12347651111111,11
3681,12347651122112,11
3723,12347651133311,11
3892,12347652111221,11
3938,12347652123233,11
3941,12347652123332,11
4019,12347652223232,11
4133,12347653111133,11
4198,12347653132223,11
4201,12347653132322,11
4363,12347653332323,11
4374,12354671111111,11
5119,12354761112323,11
5373,12354762121112,11
5376,12354762121211,11
5509,12354762311123,11
5645,12354763131131,11
5661,12354763133111,11
5671,12354763211123,11
5852,12356471113133,11
6635,12356741133131,11
6743,12356741313131,11
7067,12356743113131,11
7294,12357461111222,11
7316,12357461113331,11
7614,12357462211112,11
8045,12357641113331,11
8760,12364571112212,11
9489,12364751112212,11
9497,12364751113133,11
10127,12364753311131,11
10206,12365471111111,11
10288,12365471211122,11
10386,12365471313113,11
10580,12365472223232,11
10643,12365472321233,11
10842,12365473232312,11
10924,12365473332323,11
10961,12365741113331,11
11717,12367451123333,11
11731,12367451132222,11
11771,12367451213333,11
11839,12367451312222,11
11933,12367452113333,11
12163,12367453112222,11
12405,12367541112212,11
12419,12367541113331,11
12611,12367541331131,11
13152,12374561121212,11
13206,12374561211212,11
13368,12374562111212,11
13855,12374651111222,11
14584,12375461111222,11
15327,12375641113112,11
16042,12376451111222,11
16058,12376451113133,11
16149,12376451221211,11
16783,12376541112323,11
16916,12376541232233,11
16970,12376541322233,11
17042,12376542121232,11
17058,12376542123212,11
17327,12376543133132,11
17330,12376543133231,11
24127,12456731132321,11
24214,12456731233223,11
24676,12456733223321,11
27113,12463751231231,11
29215,12467351131121,11
29302,12467351231321,11
30682,12473561132123,11
37195,12536741112323,11
38133,12537461332112,11
39366,12543671111111,11
39450,12543671211212,11
39582,12543671331113,11
39637,12543672121121,11
39806,12543672321332,11
39812,12543672322232,11
39830,12543672331232,11
39860,12543673111331,11
39967,12543673221323,11
39991,12543673231223,11
40012,12543673233323,11
40940,12546371221331,11
44040,12563472131213,11
44283,12563473131212,11
46621,12564733323122,11
48023,12567433232333,11
51610,12576343212221,11
55467,12637451132111,11
55629,12637451332112,11
57058,12643571321321,11
58375,12645371131121,11
66800,12673542331133,11
70000,12734561112323,11
70187,12734561322233,11
70411,12734562313223,11
76545,12745631111111,11
76789,12745632111122,11
76881,12745632212213,11
76909,12745632222221,11
76935,12745632232211,11
77087,12745633131131,11
77217,12745633313312,11
77219,12745633313333,11
77244,12745633323311,11
79117,12753462231323,11
83552,12763452322232,11
87027,12765432121313,11
87114,12765432222212,11
87267,12765433121213,11
87461,12765433331333,11
87669,13245671321111,11
88938,13246571111111,11
88952,13246571112233,11
88961,13246571113232,11
89378,13246572321332,11
89402,13246572331232,11
89537,13246573221233,11
89617,13246573321223,11
89985,13246752133211,11
90974,13247563212131,11
92786,13254761322233,11
92797,13254761323322,11
93020,13254762321233,11
93277,13254763323122,11
95513,13257641112233,11
98431,13265741112323,11
98718,13265742131312,11
99183,13267451122211,11
99308,13267451311133,11
99875,13267541111132,11
100020,13267541232212,11
101347,13274651112323,11
102074,13275461112233,11
102648,13275463213211,11
102803,13275641112233,11
102805,13275641112323,11
103094,13275642131333,11
103369,13275643212221,11
103539,13276451113211,11
103673,13276451233133,11
104320,13276541133122,11
104352,13276541213312,11
104437,13276541321123,11
104451,13276541322311,11
104454,13276541323112,11
104461,13276541323322,11
104703,13276542323312,11
104941,13276543323122,11
113724,13462571111111,11
114072,13462572213311,11
125469,13527461211113,11
126986,13542671231231,11
128406,13546271213213,11
128444,13546271231231,11
128500,13546271321321,11
136361,13572641122133,11
138684,13576241312213,11
138706,13576241321321,11
143109,13627451332112,11
144454,13642571221223,11
144472,13642571223221,11
144940,13642573221221,11
145916,13645271221331,11
147987,13647521111111,11
156022,13675241112323,11
156471,13675242331313,11
160121,13725642332132,11
167965,13754262123323,11
170782,13762451321321,11
172131,13764251211311,11
172499,13764252323231,11
174504,13765422121211,11
184492,14263751131121,11
186820,14267351321321,11
190963,14275633323122,11
192456,14325671111111,11
192709,14325672112121,11
192841,14325672231323,11
192910,14325672323222,11
192992,14325673123232,11
193094,14325673232333,11
193106,14325673311131,11
196401,14327652131213,11
196617,14327653121213,11
197163,14352672212111,11
199033,14356721112323,11
199220,14356721322233,11
204566,14367252322232,11
205497,14367523311113,11
210228,14523672121313,11
210471,14523673121312,11
213630,14527631121311,11
213654,14527631131211,11
213675,14527631133311,11
213680,14527631211131,11
213760,14527631311121,11
213879,14527632122213,11
213930,14527632212111,11
214082,14527632333332,11
214153,14527633132322,11
214256,14527633312133,11
216438,14536273311311,11
218356,14537622231323,11
220612,14563272323222,11
221790,14567231312213,11
221806,14567231321123,11
224766,14573261333111,11
229635,14625731111111,11
229690,14625731131121,11
229838,14625731322233,11
229888,14625732112121,11
229903,14625732113321,11
229984,14625732213323,11
230031,14625732233111,11
230193,14625733133111,11
231822,14632571111111,11
232013,14632571321132,11
237608,14652733321331,11
242028,14673251111111,11
245676,14723651111213,11
245679,14723651111312,11
245684,14723651112131,11
245692,14723651113121,11
245757,14723651211212,11
246115,14723652322121,11
246137,14723652331232,11
246307,14723653232222,11
246339,14723653313111,11
246354,14723653321313,11
246402,14725361111111,11
246403,14725361111123,11
246608,14725361322332,11
246727,14725362211121,11
246972,14725363211213,11
246988,14725363213121,11
247017,14725363223213,11
247050,14725363311113,11
248716,14726531223122,11
248734,14726531232122,11
248748,14726531233313,11
248829,14726531333312,11
248982,14726532232313,11
249283,14726533323122,11
251613,14735621221112,11
251631,14735621223113,11
251639,14735621223332,11
251658,14735621233112,11
251712,14735621323112,11
251730,14735621332112,11
251739,14735621333111,11
251743,14735621333222,11
252236,14736251111132,11
252251,14736251112332,11
252841,14736253222223,11
253030,14736521132222,11
253037,14736521133131,11
253047,14736521211212,11
253070,14736521213333,11
253077,14736521221313,11
253157,14736521321231,11
253166,14736521322233,11
253189,14736521332121,11
253462,14736523112222,11
253469,14736523113131,11
254296,14752363222121,11
254326,14752363232222,11
254333,14752363233131,11
254421,14752631111111,11
254436,14752631112311,11
254632,14752631323223,11
254891,14752632332132,11
255010,14752633213223,11
255028,14752633222223,11
255034,14752633223123,11
255038,14752633223231,11
255258,14753261221112,11
255357,14753261323112,11
255384,14753261333111,11
258182,14762351221331,11
258260,14762351321231,11
258286,14762351331221,11
259636,14763251221223,11
259647,14763251222312,11
259757,14763251332331,11
259759,14763251333123,11
259966,14763252322121,11
260078,14763253132232,11
260084,14763253133132,11
260086,14763253133222,11
260087,14763253133231,11
260122,14763253221221,11
260127,14763253222112,11
260274,14763521113211,11
260275,14763521113223,11
260864,14763523222331,11
260985,14765231111213,11
260988,14765231111312,11
260993,14765231112131,11
261001,14765231113121,11
261056,14765231133131,11
261309,14765232211211,11
261376,14765232232322,11
261447,14765232331313,11
261488,14765233113131,11
261683,14765233323332,11
263898,15236471111111,11
264520,15236473231121,11
267034,15243671331221,11
268496,15246371331332,11
268505,15246371332331,11
268739,15246372331331,11
274959,15267431223113,11
276307,15273641112323,11
280446,15324673113311,11
284397,15342671211311,11
285964,15346271321321,11
292410,15367421211113,11
292455,15367421223113,11
292897,15367423211123,11
298890,15426371111111,11
298904,15426371112233,11
307818,15463271313113,11
317406,15624732123212,11
317436,15624732133313,11
317600,15624732333332,11
318699,15627431223113,11
318771,15627431322113,11
318798,15627431332112,11
321785,15634722123332,11
321926,15634722321233,11
323515,15637423211123,11
323676,15642371111111,11
324024,15642372213311,11
324062,15642372231332,11
324142,15642372331322,11
324258,15642373212311,11
324277,15642373221323,11
324301,15642373231223,11
325250,15643271221331,11
325354,15643271331221,11
325746,15643273223111,11
327182,15647233213232,11
328073,15672341113232,11
328257,15672341323112,11
328506,15672342323312,11
328640,15672343213232,11
329438,15672433312133,11
334217,15724362212132,11
334611,15724631111111,11
334698,15724631211311,11
334814,15724631322233,11
334904,15724632123233,11
335038,15724632313223,11
335066,15724632323231,11
335069,15724632323333,11
335167,15724633132322,11
339448,15734622331223,11
344817,15746321111111,11
345027,15746321323211,11
345240,15746322313112,11
345828,15762342122213,11
347004,15763241111111,11
347456,15763242323132,11
354359,16243571132132,11
354434,16243571231231,11
354490,16243571321321,11
355892,16245371231231,11
361516,16254733312223,11
362376,16257431132111,11
362926,16257433223123,11
363809,16273541122133,11
363967,16273541321321,11
366132,16275341312213,11
366484,16275343122221,11
370970,16327453232333,11
372010,16342571331221,11
373248,16345271111111,11
373322,16345271133131,11
373365,16345271222111,11
373694,16345272322232,11
373728,16345272333212,11
373777,16345273122323,11
373894,16345273233323,11
375009,16347252131312,11
375225,16347253121312,11
379935,16357421223113,11
382741,16374521112323,11
383293,16374523211123,11
385165,16423572112121,11
388644,16427531211311,11
388699,16427531231321,11
389039,16427532333233,11
395118,16453271111111,11
395199,16453271211113,11
395363,16453272111131,11
401505,16475233132313,11
403126,16523473332323,11
403149,16523741112212,11
404607,16524731112212,11
404609,16524731112233,11
404615,16524731113133,11
405324,16527341111111,11
406106,16527431123333,11
406172,16527431222132,11
406228,16527431312222,11
406290,16527431333213,11
406322,16527432113333,11
406384,16527432211322,11
406432,16527432231122,11
406439,16527432231332,11
406519,16527432331322,11
406530,16527432333113,11
406712,16527433312133,11
406786,16532471111222,11
408240,16534271111111,11
408242,16534271111132,11
408807,16534273211111,11
409537,16534723211123,11
410431,16537421111222,11
410452,16537421113322,11
410453,16537421113331,11
410553,16537421223113,11
410580,16537421233112,11
410652,16537421332112,11
411272,16542371221331,11
411376,16542371331221,11
411416,16542372112331,11
412726,16543271221223,11
412744,16543271223221,11
412838,16543271331332,11
412847,16543271332331,11
413081,16543272331331,11
413212,16543273221221,11
413343,16543721111111,11
413364,16543721113211,11
414790,16547233332323,11
414827,16547321113331,11
416259,16572431111111,11
416848,16572433213223,11
417034,16573241123123,11
417165,16573241312312,11
418466,16574231113133,11
419942,16723451122133,11
420108,16723451322311,11
423582,16725431121311,11
423606,16725431131211,11
423631,16725431211122,11
423632,16725431211131,11
423712,16725431311121,11
423874,16725432211121,11
423940,16725432232223,11
424059,16725433113311,11
424074,16725433122212,11
424274,16725433333232,11
427476,16735242122213,11
429045,16742352232313,11
430564,16743252323222,11
431844,16745232121313,11
431851,16745232122222,11
432084,16745233121213,11
432294,16745233333313,11
434592,16753241221112,11
444690,17246351111111,11
454659,17265433111313,11
454984,17324561211323,11
455048,17324561232332,11
458145,17326452212111,11
466656,17356241212313,11
466892,17356242211331,11
468105,17362451211311,11
468160,17362451231321,11
468366,17362452213311,11
469616,17364251231231,11
473711,17423653213232,11
474615,17425631122112,11
474705,17425631223113,11
474759,17425631313113,11
474777,17425631322113,11
474785,17425631322332,11
474786,17425631323112,11
474790,17425631323223,11
474804,17425631332112,11
476051,17426531112233,11
476067,17426531121212,11
476106,17426531132312,11
476137,17426531213123,11
476167,17426531223221,11
476186,17426531232233,11
476219,17426531313131,11
476261,17426531331332,11
476310,17426532121211,11
476504,17426532331331,11
479279,17435622211133,11
479521,17435623211123,11
480623,17436521323232,11
481730,17452363213232,11
481826,17452363322132,11
482459,17452633213232,11
482924,17453262211133,11
485862,17462352213311,11
487008,17463251122112,11
487088,17463251221331,11
487152,17463251313113,11
487166,17463251321231,11
487179,17463251323112,11
487192,17463251331221,11
493588,17526431131121,11
493675,17526431231321,11
493826,17526432123233,11
500094,17543261111111,11
500157,17543261132111,11
516861,17642531111111,11
516875,17642531112233,11
517521,17642533312211,11
517626,17643251122112,11
524880,21345671111111,11
525985,21345762223322,11
526030,21345762312323,11
526036,21345762313223,11
526325,21345763332233,11
527497,21346752313322,11
528217,21347562312323,11
529290,21354671122112,11
529314,21354671131313,11
529362,21354671221112,11
529660,21354672311123,11
529661,21354672311132,11
529680,21354672313211,11
529794,21354673131113,11
529997,21354761112233,11
529998,21354761112311,11
530004,21354761113211,11
530008,21354761113322,11
530022,21354761122211,11
530061,21354761133311,11
530331,21354762213311,11
530643,21354763312211,11
532575,21357462311111,11
532763,21357463213331,11
533252,21357642221132,11
534762,21364752311111,11
534936,21364753212212,11
536172,21365742221312,11
536236,21365742312323,11
536714,21367451311331,11
536796,21367452112112,11
539452,21374653333121,11
539879,21375462312233,11
540183,21375463333211,11
541648,21376541111123,11
541662,21376541112311,11
541686,21376541122211,11
541703,21376541131133,11
550585,21457631321123,11
556206,21473563331312,11
562421,21536742222131,11
587959,21654372231323,11
587977,21654372233321,11
588286,21654373332122,11
588289,21654373332221,11
595883,21734652123131,11
615566,23147562123131,11
616021,23147651112323,11
616426,23147652312323,11
618311,23156471222132,11
618428,23156471333132,11
618893,23156473323332,11
619793,23157461231333,11
619948,23157462131123,11
621695,23164573213133,11
622140,23164752131312,11
622563,23164753333313,11
622566,23165471111111,11
622730,23165471311133,11
622739,23165471312132,11
622810,23165472111122,11
622817,23165472111332,11
622880,23165472132332,11
622971,23165472311111,11
623209,23165473233221,11
623311,23165741112323,11
623436,23165741231312,11
623585,23165742123131,11
623599,23165742131321,11
623600,23165742131333,11
623716,23165742312323,11
624003,23165743331312,11
624913,23167541233322,11
625054,23167542131222,11
626501,23174652123131,11
627511,23175463211222,11
628708,23176452132221,11
629114,23176453332233,11
632316,23416752121211,11
633403,23417563232123,11
636272,23456173212332,11
636328,23456173233122,11
637001,23456713212332,11
644706,23475162121112,11
650573,23517462131333,11
664522,23576412233321,11
664540,23576412312323,11
676782,23657142121112,11
678257,23671452122333,11
680065,23674153232321,11
691156,23751461132123,11
691594,23751463112321,11
694619,23756143222331,11
694860,23756411222312,11
695340,23756413222112,11
695355,23756413223312,11
695427,23756413322312,11
704651,24153672321233,11
707313,24157361313212,11
707580,24157362323111,11
712058,24167353132232,11
714146,24173652323231,11
717990,24315673311311,11
718108,24315761122322,11
718414,24315762213323,11
721803,24351671212211,11
722198,24351673111133,11
722364,24351673311311,11
722440,24351761111123,11
722534,24351761212232,11
729936,24367511323112,11
730216,24367513111121,11
734464,24376512222122,11
737415,24516732233111,11
739738,24531673123121,11
742019,24536713231232,11
743479,24537613231322,11
743825,24561372111131,11
745797,24563711121212,11
746042,24563712121232,11
746284,24563713121222,11
748308,24571362221213,11
748713,24571631121212,11
753803,24615371112332,11
754134,24615372213311,11
754557,24615731122313,11
754586,24615731132333,11
754765,24615732111323,11
754863,24615732213311,11
754918,24615732233321,11
755026,24615733113323,11
755164,24615733311122,11
756376,24617532233321,11
760754,24637512311132,11
761827,24651731113223,11
762047,24651731333333,11
771938,24715363311332,11
772011,24715631111111,11
772048,24715631122121,11
772049,24715631122133,11
772438,24715632313223,11
772506,24715633112111,11
772553,24715633131131,11
773924,24716532323231,11
774198,24731561111111,11
774608,24731562311231,11
778211,24736512222332,11
778928,24751362221231,11
779004,24751362321113,11
783787,24761531221223,11
784404,24763151111111,11
787194,24765313222112,11
787723,25134672233321,11
787741,25134672312323,11
787746,25134672313211,11
790236,25137461111111,11
790324,25137461211323,11
796813,25163741112323,11
805308,25314673111313,11
805310,25314673111331,11
805362,25314673131311,11
809700,25341673113311,11
810346,25341762313223,11
815432,25364172311231,11
815639,25364173223231,11
817291,25367411211122,11
822762,25413672323111,11
823558,25413763121222,11
829041,25436711311313,11
829162,25436712123122,11
829169,25436712123332,11
829180,25436712132122,11
829328,25436712323231,11
829510,25436713232321,11
829585,25436713332122,11
833831,25463713212332,11
835886,25471362323132,11
836337,25471631312213,11
845002,25631741212121,11
847049,25634713321232,11
848657,25641371213132,11
859781,25714632123131,11
859868,25714632223331,11
859917,25714632313211,11
860012,25714633121333,11
861043,25716431212223,11
861564,25716433223213,11
862797,25731642232211,11
863487,25734162221111,11
864376,25734613113323,11
864595,25736141111123,11
864752,25736141233232,11
865395,25736411133113,11
865465,25736411231321,11
865518,25736411321312,11
865539,25736411331113,11
865854,25736413123112,11
866196,25741361232113,11
867148,25741632222323,11
867202,25741632312323,11
868397,25743611233232,11
872255,25763142223133,11
872845,25763411332322,11
877297,26135742132221,11
877336,26135742213323,11
877461,26135742332312,11
883585,26153471122121,11
884090,26153473131131,11
884098,26153473132121,11
885477,26154372332213,11
892028,26175432331133,11
895305,26317451212211,11
898983,26345711223113,11
905913,26371453112111,11
912184,26415731322323,11
912253,26415732121223,11
912382,26415732233321,11
916714,26435712222122,11
916756,26435712233321,11
916760,26435712311132,11
916801,26435712322322,11
917002,26435713311122,11
917075,26435713333133,11
918096,26437512122312,11
920324,26453172211133,11
920969,26453711333333,11
927325,26513471122121,11
930930,26517343333313,11
934575,26534713333313,11
937494,26543171111111,11
937539,26543171123111,11
940228,26547313131323,11
943305,26573413331312,11
947063,26714531212133,11
947243,26714532121133,11
949057,26715433231322,11
953676,26741351232113,11
955994,26743512121232,11
962336,27134561131133,11
973622,27154632311132,11
980931,27314652313211,11
996978,27365412321212,11
999270,27415363131113,11
999914,27415632323231,11
1000141,27415633321322,11
1001237,27416532133232,11
1001597,27416533321232,11
1004116,27435612122222,11
1007523,27453161123111,11
1007541,27453161132111,11
1009489,27456133132223,11
1017684,27516341111111,11
1020600,27534161111111,11
1020601,27534161111123,11
1021005,27534162311111,11
1021736,27534612311132,11
1023261,27536412332312,11
1025704,27543611111123,11
1025705,27543611111132,11
1027540,27546312231122,11
1033715,27613543333133,11
1034378,27614353311332,11
1036088,27615431312333,11
1036177,27615432113321,11
1036578,27615433313213,11
1038881,27634511131133,11
1039228,27634512233321,11
1043852,27643513311233,11
1052607,31246753312211,11
1053428,31247651113232,11
1053617,31247651323232,11
1055731,31256471231222,11
1057414,31257462222221,11
1057470,31257462312311,11
1058428,31257643311122,11
1058790,31264572122213,11
1059063,31264573132313,11
1059115,31264573222223,11
1059544,31264752132122,11
1059661,31264752313121,11
1059966,31265471111111,11
1060002,31265471122112,11
1060004,31265471122133,11
1060140,31265471312213,11
1060146,31265471313113,11
1060155,31265471321111,11
1060369,31265472233321,11
1060385,31265472312233,11
1060856,31265741233331,11
1062518,31267542222233,11
1062578,31267542313133,11
1064354,31275461112233,11
1064543,31275461322233,11
1064658,31275462133211,11
1064712,31275462223211,11
1064748,31275462311213,11
1064757,31275462312212,11
1064989,31275463311122,11
1066120,31276452133322,11
1066227,31276452313313,11
1071840,31452671323211,11
1071860,31452671332232,11
1072079,31452672322331,11
1074064,31456722111221,11
1076733,31462751111111,11
1076758,31462751113322,11
1082039,31475261322233,11
1082301,31475262331313,11
1082317,31475262333221,11
1085464,31524673332122,11
1089109,31527643332122,11
1095291,31564272212111,11
1095306,31564272213311,11
1095468,31564273113311,11
1097912,31572461122133,11
1102991,31624751112233,11
1103637,31624753312211,11
1105523,31627452221333,11
1112884,31654272313322,11
1130896,31754621331122,11
1136224,31765242322121,11
1137240,32145671111111,11
1137293,32145671123333,11
1137307,32145671132222,11
1137348,32145671221112,11
1137482,32145671333333,11
1137509,32145672113333,11
1137577,32145672212222,11
1137739,32145673112222,11
1137888,32145673311113,11
1139578,32146751232323,11
1139818,32146752232223,11
1140583,32147562313223,11
1140638,32147562333233,11
1140938,32147651123333,11
1140952,32147651132222,11
1140992,32147651213333,11
1141060,32147651312222,11
1141154,32147652113333,11
1141271,32147652231332,11
1141284,32147652233213,11
1141351,32147652331322,11
1141356,32147652332213,11
1141384,32147653112222,11
1143072,32156471111111,11
1143093,32156471113211,11
1143224,32156471232332,11
1143494,32156472312332,11
1143542,32156472332132,11
1143547,32156472332321,11
1143557,32156472333332,11
1143685,32156473223123,11
1143817,32156741112323,11
1144207,32156742311123,11
1144228,32156742313223,11
1144280,32156742333131,11
1145410,32157641232323,11
1145644,32157642231323,11
1145988,32164571111111,11
1145993,32164571111231,11
1146139,32164571232323,11
1146379,32164572232223,11
1146381,32164572232313,11
1146391,32164572233321,11
1146409,32164572312323,11
1146684,32164573323212,11
1148175,32165741111111,11
1148177,32165741111132,11
1148332,32165741233223,11
1148499,32165742211112,11
1148634,32165742331112,11
1148825,32165743311131,11
1148904,32167451111111,11
1149011,32167451213333,11
1149025,32167451222222,11
1149079,32167451312222,11
1149138,32167451333111,11
1149229,32167452211121,11
1149513,32167453222313,11
1149578,32167453313333,11
1149584,32167453321232,11
1150378,32174561112323,11
1150506,32174561232113,11
1150511,32174561232233,11
1150743,32174562231212,11
1151513,32174652312332,11
1151561,32174652332132,11
1151820,32175461111111,11
1151838,32175461113112,11
1151928,32175461221112,11
1152054,32175461333111,11
1152216,32175462233111,11
1152241,32175462312323,11
1157440,32416753121222,11
1157920,32417562113321,11
1158689,32417652132131,11
1158931,32417653132121,11
1160299,32451762331121,11
1161152,32456173212332,11
1161452,32456711233133,11
1165195,32465172112121,11
1165250,32465172132131,11
1165258,32465172133121,11
1165417,32465172332321,11
1165474,32465173123121,11
1165492,32465173132121,11
1165500,32465173133111,11
1165585,32465173233221,11
1169467,32475161232323,11
1170022,32475163331222,11
1172138,32476513232231,11
1175694,32517463131311,11
1179489,32546713323212,11
1180278,32547611121113,11
1180305,32547611131112,11
1180350,32547611213111,11
1180422,32547611312111,11
1180500,32547612111311,11
1180740,32547613111211,11
1181000,32561471113133,11
1181013,32561471121311,11
1181019,32561471122211,11
1181037,32561471131211,11
1181063,32561471211131,11
1181143,32561471311121,11
1181301,32561472133313,11
1181323,32561472213122,11
1181587,32561473222223,11
1181676,32561473323212,11
1184908,32567412122222,11
1184928,32567412131312,11
1184988,32567412222212,11
1185168,32567413131212,11
1185191,32567413133333,11
1188697,32576142313223,11
1191898,32615473332122,11
1197334,32647152133121,11
1197568,32647153132121,11
1198229,32647512333233,11
1201908,32657143121213,11
1202367,32657412111212,11
1203387,32671453123313,11
1204577,32674152113333,11
1208423,32714652332132,11
1210431,32716452123212,11
1212360,32741651121311,11
1212384,32741651131211,11
1212410,32741651211131,11
1212490,32741651311121,11
1212570,32741652111113,11
1212813,32741653111112,11
1213919,32745611223332,11
1214215,32745612313322,11
1214234,32745612322331,11
1217381,32751643321232,11
1217998,32754163211123,11
1219042,32756141233121,11
1220622,32761452121313,11
1220629,32761452122222,11
1220709,32761452222212,11
1220865,32761453121312,11
1220912,32761453133333,11
1224004,32765411112221,11
1224018,32765411121113,11
1224045,32765411131112,11
1224063,32765411133113,11
1224207,32765411331113,11
1224348,32765412221312,11
1224445,32765412323222,11
1224516,32765413122212,11
1224609,32765413223312,11
1224616,32765413231223,11
1224681,32765413322312,11
1225020,34125672131213,11
1225023,34125672131312,11
1225075,34125672221222,11
1225286,34125673133333,11
1228392,34127651121113,11
1228419,34127651131112,11
1228464,34127651213111,11
1228536,34127651312111,11
1228614,34127652111311,11
1228854,34127653111211,11
1234506,34162752132212,11
1234938,34165271112212,11
1234959,34165271121311,11
1234983,34165271131211,11
1235009,34165271211131,11
1235089,34165271311121,11
1235090,34165271311133,11
1235384,34165272323333,11
1235490,34165273133312,11
1235536,34165273222322,11
1235576,34165273311131,11
1236733,34167252213323,11
1238156,34172562132332,11
1238273,34172562313331,11
1239980,34175263321232,11
1244017,34216572213122,11
1251272,34261572132131,11
1251280,34261572133121,11
1251496,34261573123121,11
1253486,34265712212132,11
1256970,34275161312213,11
1257055,34275162112322,11
1257142,34275162213221,11
1261170,34516271111111,11
1261592,34516272312332,11
1262326,34516722313223,11
1263742,34517622231323,11
1264460,34521672223232,11
1266909,34526713232312,11
1268062,34527612211322,11
1268110,34527612231122,11
1268117,34527612231332,11
1268197,34527612331322,11
1268390,34527613312133,11
1268740,34561272122123,11
1268746,34561272122321,11
1268796,34561272212213,11
1268803,34561272213122,11
1268850,34561272232211,11
1269059,34561273221233,11
1269101,34561273233131,11
1269113,34561273311233,11
1269133,34561273313321,11
1269137,34561273321133,11
1269139,34561273321223,11
1269189,34561721111111,11
1270107,34562171321111,11
1270112,34562171321231,11
1270311,34562172232313,11
1272479,34567212223232,11
1280370,34617252111212,11
1280415,34617252123212,11
1280433,34617252132212,11
1281212,34617522221333,11
1281890,34621572132131,11
1283286,34625172111212,11
1285620,34627512232313,11
1286001,34651271123111,11
1286426,34651272332132,11
1294336,34675212222122,11
1296514,34715262221123,11
1298721,34716522223211,11
1300083,34721652121313,11
1300107,34721652131213,11
1300162,34721652221222,11
1300170,34721652222212,11
1300533,34721653333313,11
1301358,34725611212211,11
1301508,34725612111113,11
1301542,34725612121322,11
1301646,34725612231212,11
1301651,34725612231332,11
1301711,34725612322232,11
1301731,34725612331322,11
1301751,34725613111112,11
1301753,34725613111133,11
1301818,34725613132223,11
1301913,34725613311113,11
1308280,34761252323222,11
1314534,35126741232212,11
1314770,35126742231233,11
1315583,35127462331331,11
1321232,35162472122231,11
1321241,35162472123233,11
1321474,35162473122221,11
1321643,35162473323131,11
1321660,35162473332122,11
1321661,35162473332131,11
1322026,35162742213323,11
1324173,35167242132212,11
1325473,35172461232323,11
1327124,35174262213131,11
1327158,35174262231113,11
1335528,35246171111111,11
1335553,35246171113322,11
1335876,35246172213311,11
1341491,35267141223233,11
1341551,35267141321132,11
1343021,35271461322233,11
1349397,35416721113112,11
1350012,35416723232213,11
1351208,35417622223133,11
1354052,35426712131132,11
1354164,35426712311312,11
1354245,35426713111313,11
1354293,35426713131113,11
1354413,35426713312211,11
1355945,35461271111231,11
1356134,35461271321231,11
1356307,35461272222323,11
1357458,35462171131313,11
1357489,35462171212121,11
1357510,35462171221223,11
1357631,35462171332331,11
1357746,35462172213311,11
1357775,35462172223331,11
1357814,35462172312131,11
1357932,35462173123211,11
1357944,35462173131311,11
1357996,35462173221221,11
1358575,35462712322322,11
1362381,35472163222313,11
1362400,35472163231322,11
1363581,35476122221111,11
1367312,35614722321233,11
1368881,35617423131332,11
1371524,35624712121232,11
1371684,35624712321212,11
1371689,35624712321332,11
1371713,35624712331232,11
1384864,35714623111322,11
1387641,35721642221213,11
1397124,35762142222113,11
1401146,36125471111333,11
1401228,36125471212112,11
1401237,36125471213111,11
1401255,36125471222111,11
1401309,36125471312111,11
1401387,36125472111311,11
1401412,36125472121223,11
1401627,36125473111211,11
1401772,36125473232222,11
1401836,36125473323233,11
1402478,36125743222331,11
1402834,36127451333222,11
1405795,36145272122222,11
1405812,36145272131213,11
1405815,36145272131312,11
1406238,36145273333313,11
1407003,36147251121311,11
1407027,36147251131211,11
1407053,36147251211131,11
1407133,36147251311121,11
1407213,36147252111113,11
1407456,36147253111112,11
1409298,36152741231312,11
1409461,36152742131321,11
1413119,36172452133133,11
1420397,36217452131333,11
1420953,36217541223311,11
1421406,36217543213112,11
1422134,36241573212332,11
1422861,36241753212311,11
1436421,36415272123212,11
1438611,36417522123311,11
1453959,36514272212111,11
1456810,36521472113321,11
1457002,36521472331121,11
1460243,36527411131133,11
1460430,36527412111113,11
1460488,36527412131222,11
1460518,36527412211322,11
1460544,36527412221312,11
1460566,36527412231122,11
1460633,36527412322232,11
1460673,36527413111112,11
1460841,36527413311311,11
1461370,36541272323222,11
1463380,36542712121322,11
1464837,36547212121313,11
1464844,36547212122222,11
1464864,36547212131312,11
1464916,36547212221222,11
1465271,36547213331333,11
1470663,36712542121112,11
1470664,36712542121121,11
1470666,36712542121211,11
1470672,36712542122111,11
1471513,36714252232223,11
1471995,36714521232113,11
1472128,36714522121322,11
1472133,36714522122213,11
1472404,36714523132223,11
1472407,36714523132322,11
1474100,36721451131331,11
1474315,36721452121322,11
1474318,36721452122123,11
1474320,36721452122213,11
1474324,36721452122321,11
1474335,36721452131111,11
1474412,36721452223232,11
1474542,36721453113113,11
1474551,36721453121111,11
1477713,36725411121212,11
1477743,36725411131313,11
1477774,36725411212121,11
1477865,36725411313131,11
1477929,36725412111212,11
1477953,36725412121112,11
1477956,36725412121211,11
1477958,36725412121232,11
1477974,36725412123212,11
1478118,36725412321212,11
1478175,36725413111313,11
1478223,36725413131113,11
1478229,36725413131311,11
1478692,36741252122123,11
1478698,36741252122321,11
1478699,36741252122333,11
1478707,36741252123323,11
1479053,36741253233131,11
1482142,36745211211221,11
1482331,36745212121223,11
1482342,36745212122312,11
1482344,36745212122333,11
1482352,36745212123323,11
1482354,36745212131111,11
1482431,36745212223232,11
1482570,36745213121111,11
1482599,36745213131131,11
1482615,36745213133111,11
1482690,36745213232213,11
1483396,36751243222322,11
1484525,36752142122132,11
1484536,36752142123221,11
1484798,36752143132232,11
1484806,36752143133222,11
1484813,36752143211132,11
1486336,36754123232222,11
1512689,37246511112233,11
1516757,37256142321233,11
1524820,37415622333221,11
1530726,37426513132313,11
1532814,37452162323312,11
1543776,37516422333311,11
1552932,37561241311112,11
1557671,37612453122233,11
1558224,37612542221111,11
1558954,37614252221123,11
1559331,37614521111111,11
1559543,37614521323232,11
1559578,37614522111221,11
1559599,37614522113321,11
1559761,37614522313322,11
1559787,37614522323312,11
1559964,37614523232213,11
1560814,37615421113322,11
1561115,37615422211133,11
1561160,37615422223133,11
1561213,37615422313121,11
1561220,37615422313331,11
1561304,37615423121132,11
1563384,37624152311213,11
1563854,37624511232233,11
1563982,37624512121322,11
1564086,37624512231212,11
1564252,37624513131323,11
1564332,37624513231313,11
1566259,37641252222323,11
1567698,37642152213311,11
1568605,37642513122221,11
1569226,37645122312221,11
1570592,37651242211133,11
1571415,37651422312311,11
1571747,37652141113232,11
1572352,37652143231322,11
1574320,37654212311222,11
1577464,41236753232321,11
1577738,41237561313131,11
1584292,41263751312222,11
1592229,41325671212211,11
1593292,41325762313223,11
1593410,41325763131233,11
1596600,41352671212112,11
1596601,41352671212121,11
1596627,41352671222111,11
1600578,41357622313112,11
1604288,41367253111133,11
1614432,41532672313211,11
1614890,41532761233133,11
1620348,41563273113311,11
1626736,41576322212222,11
1629012,41625372313211,11
1629102,41625373121213,11
1629437,41625731222231,11
1633780,41635721212121,11
1639644,41657321222312,11
1642045,41673252212222,11
1642437,41673521111111,11
1645050,41723562313211,11
1646226,41725361232113,11
1646274,41725361321213,11
1646436,41725362221213,11
1646508,41725362313211,11
1646509,41725362313223,11
1646599,41725363121222,11
1646600,41725363121231,11
1646811,41725631111111,11
1646893,41725631211122,11
1647260,41725632322331,11
1647299,41725633111133,11
1647325,41725633121123,11
1647378,41725633211111,11
1647970,41726352313322,11
1648688,41726532312233,11
1650669,41735261323313,11
1650875,41735262312233,11
1650991,41735263123223,11
1651343,41735621233232,11
1651615,41735622313322,11
1652801,41736521233232,11
1653116,41736522332231,11
1654219,41752631222123,11
1654507,41752632311123,11
1654522,41752632312323,11
1654527,41752632313211,11
1656480,41756231321213,11
1656806,41756233121231,11
1658834,41762532221333,11
1659014,41762533123331,11
1660820,41765231233232,11
1661748,41765322221312,11
1661817,41765322313211,11
1661916,41765323122212,11
1664610,42136752131312,11
1665089,42137561123333,11
1666289,42137653122131,11
1666315,42137653132121,11
1670767,42157633231322,11
1671627,42163751121212,11
1672939,42165373223123,11
1674818,42167532131333,11
1680111,42315673112111,11
1684083,42351671212211,11
1685342,42351763231133,11
1691767,42367153111121,11
1691848,42367153211123,11
1698966,42516372233111,11
1707283,42561733323122,11
1712876,42573612323231,11
1713110,42573613322231,11
1715034,42613572313211,11
1716254,42615371313332,11
1716414,42615372213311,11
1716420,42615372221213,11
1716492,42615372313211,11
1723704,42651372213311,11
1724734,42651733311122,11
1730306,42673512232133,11
1742018,42751632321233,11
1742036,42751632323231,11
1751379,43126572133313,11
1761411,43167251232212,11
1765928,43176252123131,11
1766045,43176252311132,11
1769104,43216573132121,11
1769107,43216573132223,11
1769136,43216573212311,11
1769138,43216573212332,11
1784780,43512671313332,11
1793032,43527612312323,11
1793340,43561271111111,11
1797997,43571262122222,11
1799172,43572161111111,11
1800322,43572612312323,11
1801408,43576211123222,11
1801616,43576212112232,11
1803786,43615271333312,11
1803814,43615272113321,11
1805863,43617521223221,11
1807540,43621752213323,11
1812017,43651722323132,11
1818487,43675122222122,11
1818971,43675211221331,11
1825314,43721653231313,11
1829598,43751623123313,11
1836712,43765212222122,11
1850162,45167323322231,11
1853178,45176231131313,11
1853190,45176231133113,11
1853334,45176231331113,11
1853658,45176233131113,11
1853903,45176321131133,11
1854928,45213672221123,11
1869517,45273162222122,11
1870670,45276131131133,11
1872195,45312671222312,11
1872449,45312672223331,11
1872475,45312672233321,11
1872498,45312672313211,11
1872627,45312673132313,11
1872675,45312673222112,11
1872699,45312673231313,11
1872822,45312761113211,11
1872879,45312761133311,11
1873152,45312762221111,11
1873206,45312762311111,11
1876539,45321671212211,11
1876555,45321671221121,11
1876956,45321673113311,11
1880458,45327612222323,11
1883290,45362712122222,11
1884107,45367122223133,11
1884467,45367211111132,11
1884547,45367211211122,11
1884953,45367213111133,11
1888166,45376121131133,11
1888332,45376121331311,11
1889074,45376211333123,11
1889386,45376213131323,11
1889566,45376213333322,11
1889644,45612371133221,11
1890028,45612372331121,11
1890068,45612373112231,11
1890118,45612373132121,11
1890121,45612373132223,11
1890252,45612373322111,11
1890280,45612373332122,11
1890283,45612373332221,11
1891246,45613271331221,11
1891422,45613272233111,11
1894481,45621373123331,11
1894509,45621373211111,11
1895005,45621732212123,11
1895075,45621732233333,11
1896598,45623712332123,11
1896820,45623713322321,11
1901782,45637123132121,11
1901944,45637123332122,11
1902758,45671231132231,11
1903187,45671233112132,11
1906670,45673212212132,11
1906906,45673213211222,11
1909865,45713623223132,11
1912119,45721363321313,11
1912127,45721363322231,11
1918402,45732612233321,11
1918767,45736121122211,11
1924560,46123571111111,11
1925191,46123573232123,11
1926982,46125731333123,11
1927536,46127351131313,11
1927781,46127352131333,11
1928023,46127353131323,11
1930713,46135272133313,11
1935308,46153273131131,11
1936949,46157233333232,11
1937174,46157321331233,11
1943788,46215372121223,11
1943940,46215372313211,11
1954046,46257132211133,11
1955109,46257313312211,11
1957650,46273512122312,11
1957962,46273513221212,11
1958872,46275311123222,11
1959080,46275312112232,11
1959132,46275312132212,11
1959212,46275312232133,11
1959249,46275312313211,11
1959340,46275313121222,11
1959483,46275313312211,11
1964900,46321752111131,11
1969844,46352171211233,11
1970024,46352172113231,11
1974977,46372511221331,11
1976408,46375211211332,11
1976580,46375212113111,11
1976627,46375212132131,11
1976629,46375212132221,11
1976791,46375212332222,11
1976814,46375213112111,11
1976851,46375213123121,11
1977040,46375213333121,11
1977268,46512371331221,11
1977316,46512372113321,11
1978974,46513272332111,11
1979014,46513273113221,11
1983833,46523711331332,11
1984825,46527133111121,11
1992484,46572311223122,11
1992664,46572312132122,11
2000184,46721533123313,11
2012429,47123562232133,11
2012927,47123651233232,11
2015114,47126351233232,11
2016002,47126532133133,11
2016819,47132562311111,11
2017025,47132563222331,11
2017546,47132652233321,11
2018915,47135622132332,11
2019645,47136252133112,11
2020946,47152361233232,11
2021717,47152631322131,11
2023935,47156231332313,11
2024273,47156233211132,11
2024322,47156233223312,11
2024343,47156233233113,11
2024394,47156233322312,11
2024433,47156321111111,11
2024511,47156321133311,11
2024745,47156322132311,11
2024861,47156322313232,11
2024903,47156322332132,11
2024907,47156322332312,11
2025046,47156323223123,11
2025361,47162351322122,11
2027650,47163522131222,11
2028951,47165321232113,11
2029007,47165321322131,11
2029116,47165322132212,11
2029122,47165322133112,11
2029196,47165322232133,11
2029233,47165322313211,11
2032757,47216352131333,11
2038824,47251363131113,11
2039316,47251632131312,11
2041782,47256133212311,11
2041880,47256133321232,11
2046586,47265312122222,11
2046606,47265312131312,11
2046729,47265312313211,11
2052299,47321651311133,11
2058257,47352612123131,11
2058374,47352612311132,11
2058393,47352612313211,11
2065678,47512632312323,11
2087522,47621532232331,11
2087749,47621533231121,11
2092633,47632152233321,11
2092812,47632153212311,11
2092867,47632153232321,11
2093543,47632513212332,11
2096989,47652132231323,11
2099363,47653213211231,11
2099421,47653213232111,11
2110480,51264731113322,11
2110803,51264732213311,11
2111603,51267342312233,11
2117098,51324671211122,11
2117349,51324672212111,11
2117526,51324673113311,11
2117746,51324761111123,11
2118257,51324763113332,11
2121723,51342672212111,11
2122780,51342763312223,11
2128761,51367241211113,11
2134628,51423671221331,11
2136699,51426731111111,11
2137359,51426733312211,11
2147694,51472361131313,11
2149071,51472633331312,11
2152197,51623471321111,11
2153410,51623743313321,11
2154367,51624731312123,11
2154888,51624733323113,11
2157323,51632741323232,11
2160798,51642371122313,11
2161510,51642731113322,11
2163695,51647231113232,11
2170779,51723643131311,11
2171245,51724362122222,11
2171478,51724363121213,11
2173686,51726433123313,11
2175123,51732643121213,11
2179436,51742632323231,11
2179439,51742632323333,11
2187873,52134761232113,11
2195052,52147631121311,11
2195076,52147631131211,11
2195102,52147631211131,11
2195182,52147631311121,11
2195262,52147632111113,11
2195505,52147633111112,11
2195758,52163471112122,11
2195847,52163471213111,11
2195919,52163471312111,11
2195983,52163471333123,11
2195997,52163472111311,11
2196049,52163472131222,11
2196237,52163473111211,11
2196242,52163473111331,11
2196349,52163473221323,11
2196449,52163473323332,11
2198939,52167342121232,11
2199669,52167432121313,11
2199676,52167432122222,11
2199693,52167432131213,11
2199959,52167433133333,11
2200103,52167433331333,11
2202922,52174633223123,11
2205150,52314673311311,11
2205424,52314761322122,11
2208870,52341671111111,11
2208909,52341671122211,11
2209038,52341671311313,11
2209194,52341672211112,11
2209263,52341672232313,11
2209324,52341672323222,11
2209326,52341672323312,11
2209428,52341673133111,11
2209503,52341673232213,11
2209508,52341673232333,11
2209566,52341673323212,11
2213520,52361472121313,11
2213547,52361472131312,11
2216485,52367142211121,11
2217335,52367412322232,11
2219092,52374161112323,11
2221870,52376413222223,11
2232782,52463173212332,11
2233511,52463713212332,11
2235969,52471631223113,11
2236050,52471631323112,11
2241372,52614372313211,11
2249547,52641733212311,11
2249602,52641733232321,11
2255428,52673413232123,11
2257135,52713461232323,11
2258586,52714361232113,11
2259760,52714633213223,11
2259784,52714633223123,11
2262240,52731641233112,11
2262294,52731641323112,11
2264477,52736141322233,11
2266158,52741362313211,11
2266159,52741362313223,11
2266748,52741632122333,11
2266756,52741632123323,11
2266797,52741632212213,11
2266799,52741632212231,11
2266851,52741632232211,11
2267060,52741633221233,11
2267133,52741633313312,11
2267134,52741633313321,11
2267140,52741633321223,11
2267160,52741633323311,11
2267922,52743611111213,11
2267925,52743611111312,11
2267930,52743611112131,11
2267938,52743611113121,11
2268216,52743612131111,11
2268432,52743613121111,11
2270838,52761431111213,11
2270841,52761431111312,11
2270846,52761431112131,11
2270854,52761431113121,11
2271132,52761432131111,11
2271348,52761433121111,11
2272175,52763143222331,11
2272416,52763411222312,11
2272528,52763411333123,11
2272896,52763413222112,11
2272911,52763413223312,11
2272983,52763413322312,11
2276078,53126471231231,11
2276080,53126471231321,11
2276134,53126471321321,11
2280605,53146272123233,11
2282060,53147262123131,11
2284618,53162743312223,11
2307127,53274163211222,11
2314035,53421671321111,11
2314040,53421671321231,11
2315318,53426171112233,11
2320432,53462711113322,11
2322054,53467211321111,11
2325717,53476121323112,11
2325724,53476121323322,11
2329246,53614721212121,11
2331562,53621471331221,11
2337174,53642171111111,11
2341902,53672142221213,11
2347047,53714622233111,11
2349456,53721463223312,11
2351295,53724612121112,11
2352475,53726143333121,11
2354148,53741621323112,11
2354166,53741621332112,11
2355857,53742612323333,11
2357859,53761242121211,11
2357940,53761242221213,11
2358021,53761242321212,11
2359655,53762143222331,11
2360458,53762413322123,11
2362606,54123673233323,11
2363638,54126371331221,11
2365905,54127632131213,11
2365968,54127632222212,11
2366148,54127633131212,11
2366171,54127633133333,11
2366331,54127633333313,11
2372242,54163271133221,11
2372562,54163272233111,11
2373651,54167231121113,11
2373678,54167231131112,11
2373735,54167231221211,11
2373861,54167231333213,11
2373876,54167232112112,11
2373945,54167232133313,11
2374101,54167232333113,11
2374262,54167233232333,11
2374329,54167233331213,11
2376366,54172633132313,11
2382771,54217362233213,11
2383410,54217632132212,11
2383875,54231671123111,11
2384362,54231673123121,11
2388736,54261373123121,11
2389316,54261732231233,11
2395896,54276132233312,11
2397014,54312671131331,11
2397285,54312672212111,11
2397606,54312673311311,11
2399886,54317261113112,11
2400601,54317621111222,11
2401662,54321672212213,11
2401664,54321672212231,11
2401716,54321672232211,11
2401998,54321673313312,11
2401999,54321673313321,11
2402025,54321673323311,11
2402140,54321761211221,11
2402559,54321763113113,11
2402789,54326171111231,11
2402798,54326171112233,11
2402978,54326171321231,11
2403525,54326711112212,11
2405345,54327612223232,11
2406074,54361272223232,11
2407178,54362171113133,11
2407892,54362711111231,11
2408094,54362711323112,11
2408628,54367121112212,11
2408637,54367121113211,11
2408642,54367121113331,11
2408941,54367122211121,11
2409021,54367122311111,11
2409264,54367123311113,11
2409412,54367211132222,11
2409452,54367211213333,11
2409464,54367211222132,11
2409582,54367211333213,11
2409676,54367212211322,11
2409724,54367212231122,11
2409744,54367212233213,11
2409816,54367212332213,11
2409822,54367212333113,11
2409844,54367213112222,11
2410004,54367213312133,11
2410100,54371261113331,11
2410821,54371621113112,11
2410828,54371621113322,11
2413193,54376121322233,11
2413721,54376211111132,11
2413723,54376211111222,11
2413739,54376211113133,11
2414463,54612371112311,11
2414810,54612372222131,11
2415433,54612732112223,11
2415864,54612733322213,11
2418900,54621371133311,11
2419147,54621372211121,11
2426904,54637211132111,11
2427924,54671232221213,11
2432157,54712361323313,11
2432320,54712362223322,11
2435220,54716232222113,11
2435605,54716321112323,11
2436016,54716322313223,11
2437047,54721631111111,11
2437084,54721631122121,11
2437211,54721631311133,11
2437367,54721632133232,11
2437384,54721632212222,11
2437385,54721632212231,11
2437675,54721633231322,11
2437720,54721633313321,11
2437775,54721633333331,11
2438808,54723612131312,11
2438860,54723612221222,11
2438868,54723612222212,11
2439024,54723613121312,11
2439231,54723613333313,11
2445757,54761233322321,11
2449157,54763212322232,11
2449563,56123471222312,11
2449570,56123471223221,11
2449664,56123471331332,11
2449675,56123471333123,11
2449882,56123472322121,11
2449907,56123472331331,11
2450000,56123473133132,11
2450003,56123473133231,11
2450043,56123473222112,11
2450058,56123473223312,11
2450130,56123473322312,11
2450903,56124371111231,11
2451049,56124371232323,11
2453803,56127433332323,11
2454299,56132472333332,11
2454381,56132473211111,11
2454402,56132473213211,11
2460364,56143273332323,11
2461223,56147231222132,11
2461341,56147231333213,11
2461503,56147232233213,11
2461575,56147232332213,11
2461581,56147232333113,11
2462315,56147322333233,11
2464767,56173421113112,11
2465936,56174232323333,11
2466351,56174321232113,11
2466936,56213471111111,11
2468339,56213743313333,11
2477700,56243173133111,11
2478392,56243713121333,11
2479082,56247132333233,11
2481279,56271433111313,11
2481324,56271433123313,11
2481342,56271433132313,11
2483435,56274132331133,11
2484129,56274312313211,11
2489452,56321473233323,11
2489859,56321742211112,11
2490380,56324171221331,11
2492540,56327411211332,11
2493036,56327413213112,11
2493696,56341273121213,11
2493723,56341273131212,11
2496578,56347122333233,11
2496924,56347211213111,11
2496944,56347211222132,11
2496996,56347211312111,11
2497043,56347211331131,11
2497072,56347212111221,11
2497074,56347212111311,11
2497118,56347212123233,11
2497216,56347212232223,11
2497314,56347213111211,11
2497373,56347213131332,11
2507900,56423171231231,11
2507902,56423171231321,11
2507956,56423171321321,11
2508013,56423172112121,11
2508310,56423173132121,11
2508318,56423173133111,11
2513386,56432713122122,11
2519568,56712341232113,11
2519992,56712343211123,11
2524337,56721343123331,11
2524946,56721432312233,11
2526009,56723411113313,11
2526012,56723411121113,11
2526039,56723411131112,11
2526108,56723411222312,11
2526270,56723412122312,11
2526439,56723412323222,11
2526582,56723413221212,11
2526588,56723413222112,11
2526687,56723413331111,11
2530152,56732143122113,11
2532579,56741231121311,11
2532603,56741231131211,11
2532629,56741231211131,11
2532709,56741231311121,11
2532789,56741232111113,11
2533032,56741233111112,11
2536474,56743212122222,11
2536546,56743212221222,11
2536707,56743213121213,11
2536710,56743213121312,11
2536901,56743213331333,11
2536920,57123461111111,11
2553990,57164322131312,11
2556086,57214361323232,11
2556939,57214632212213,11
2561729,57236141113232,11
2561909,57236141322233,11
2561918,57236141323232,11
2564091,57241631322113,11
2564100,57241631323112,11
2566094,57246131112233,11
2570704,57264132111323,11
2577177,57321641311112,11
2577422,57321642311132,11
2589027,57364212213311,11
2589105,57364212313211,11
2589391,57364213332122,11
2622238,57642311113322,11
2624785,61234572231323,11
2625033,61234573232213,11
2626769,61235741313131,11
2636695,61257343232123,11
2639162,61274351313131,11
2640094,61274532231323,11
2651047,61352472233321,11
2651070,61352472313211,11
2669037,61452731311313,11
2670327,61453721111111,11
2670489,61453721311112,11
2670814,61453723111121,11
2673539,61472532123332,11
2673738,61472533112111,11
2680533,61527431111111,11
2683127,61534272311132,11
2683464,61534721112311,11
2683470,61534721113211,11
2687094,61543271111111,11
2687109,61543271112311,11
2691160,61572432312323,11
2701556,61734523222331,11
2712319,62134572321323,11
2713375,62135471122121,11
2713646,62135472132131,11
2713862,62135473122131,11
2713870,62135473123121,11
2713880,62135473131131,11
2713888,62135473132121,11
2713973,62135473232231,11
2714029,62135473322321,11
2714678,62135743222331,11
2714728,62135743312223,11
2719702,62147353123121,11
2719720,62147353132121,11
2723491,62154733321121,11
2723853,62157342132212,11
2726363,62173543232132,11
2726498,62174351122133,11
2727840,62174533311212,11
2732787,62317453112111,11
2732952,62317453312211,11
2739349,62351743112123,11
2743152,62371453311311,11
2744889,62374511322311,11
2745187,62374513112321,11
2745342,62374513312112,11
2753030,62435172211133,11
2753111,62435172311132,11
2753554,62435711222222,11
2758456,62453713311122,11
2761112,62471532232133,11
2763115,62475131322323,11
2769179,62531472321233,11
2775384,62543711211113,11
2775465,62543711311112,11
2778656,62571432321233,11
2789769,62735143223213,11
2801563,63125741112323,11
2802092,63125743131233,11
2802111,63125743133312,11
2803734,63142571111111,11
2803804,63142571132321,11
2804230,63142573112123,11
2812903,63172452312323,11
2812908,63172452313211,11
2815139,63174522332132,11
2824922,63247511123132,11
2826896,63251743133231,11
2845455,63452711311313,11
2845768,63452712333221,11
2848493,63471522123131,11
2848655,63471522323132,11
2848673,63471522332132,11
2849957,63472512123332,11
2853251,63512743313333,11
2860689,63541271212211,11
2863304,63542713121333,11
2868905,63574212123131,11
2869041,63574212313211,11
2870424,63712542221111,11
2871092,63714252123131,11
2871547,63714521112323,11
2872001,63714522332132,11
2874607,63721541233322,11
2875692,63724153121213,11
2876650,63725141112323,11
2876788,63725141233121,11
2876924,63725142123131,11
2877005,63725142223133,11
2877156,63725143122113,11
2877171,63725143123313,11
2878459,63741252222323,11
2879111,63741522123131,11
2880427,63742511232221,11
2881533,63745123122212,11
2882824,63751242221321,11
2883723,63751423122311,11
2883924,63752141111111,11
2883963,63752141122211,11
2883972,63752141123213,11
2884394,63752142332132,11
2884459,63752143123223,11
2884507,63752143212323,11
2884537,63752143223123,11
2884782,63752411223212,11
2884890,63752411333213,11
2885074,63752412312323,11
2885094,63752412322112,11
2885130,63752412333113,11
2886634,63754213122122,11
2888358,64125371131313,11
2899308,64157321133212,11
2909117,64231572311132,11
2916022,64257131113223,11
2918784,64271533221212,11
2920468,64275131212223,11
2920546,64275131312123,11
2920700,64275132211133,11
2920763,64275132232133,11
2920995,64275133231112,11
2921034,64275133312211,11
2921120,64275311112332,11
2921224,64275311222222,11
2921763,64275313312211,11
2926451,64321572111131,11
2926514,64321572132131,11
2926613,64321572311132,11
2928910,64325713121222,11
2930888,64351272132131,11
2934651,64357212313211,11
2934853,64357213231322,11
2934885,64357213312211,11
2948169,64531271212211,11
2948384,64531272132131,11
2948600,64531273122131,11
2948608,64531273123121,11
2948730,64531273311311,11
2948736,64531273312211,11
2953948,64572131122223,11
2958777,64713253112111,11
2974335,65123471112311,11
2974478,65123471233232,11
2974740,65123472312311,11
2978784,65132471212112,11
2978811,65132471222111,11
2978836,65132471231321,11
2978902,65132471323121,11
2978996,65132472131231,11
2979032,65132472212231,11
2979097,65132472233321,11
2979188,65132473111331,11
2979366,65132473313312,11
2979393,65132473323311,11
2979556,65132741223323,11
2980034,65132743222331,11
2981039,65134721233232,11
2986857,65147321232113,11
2988242,65172431132333,11
2990648,65174232123131,11
2990679,65174232133313,11
2990814,65174232323312,11
2991054,65174233323212,11
2991063,65174233331213,11
2991513,65174322313211,11
2991700,65174323223123,11
2992545,65213741111111,11
3000564,65241371111111,11
3003028,65243712121322,11
3005171,65271341332331,11
3006050,65271432231233,11
3007854,65274131111111,11
3008022,65274131311313,11
3008028,65274131312213,11
3008150,65274132123332,11
3008407,65274133132223,11
3008491,65274133232321,11
3008515,65274133312223,11
3011177,65314272311132,11
3011196,65314272313211,11
3013930,65321472111122,11
3030597,65417321232113,11
3031066,65417323223123,11
3031084,65417323232123,11
3034051,65423713321322,11
3037651,65432173232321,11
3039996,65471231132213,11
3048562,65714323223123,11
3050817,65723143321313,11
3055474,65732411333123,11
3059709,65742311212313,11
3066981,67132541133311,11
3074757,67145323133312,11
3078539,67154233323332,11
3082934,67215343333133,11
3084606,67231541323112,11
3085093,67231543323122,11
3086569,67234513332122,11
3091147,67245131313323,11
3091704,67245311112311,11
3091766,67245311133233,11
3096119,67254311131133,11
3096711,67254313311113,11
3097195,67312452233321,11
3097552,67312541121221,11
3097872,67312542221111,11
3101167,67321451111123,11
3101181,67321451112311,11
3101259,67321451212211,11
3101330,67321451311133,11
3101410,67321452111122,11
3101676,67321453113311,11
3102284,67321542232133,11
3105907,67341252222323,11
3108087,67342512222113,11
3108827,67345122223133,11
3108845,67345122232133,11
3109186,67345211111123,11
3109187,67345211111132,11
3109199,67345211112233,11
3109210,67345211113322,11
3109267,67345211211122,11
3109349,67345211311133,11
3109429,67345212111122,11
3109673,67345213111133,11
3112830,67354121111111,11
3113650,67354211212121,11
3113739,67354211313113,11
3113793,67354211333111,11
3113806,67354212111221,11
3113896,67354212212222,11
3113966,67354212311132,11
3114051,67354213111313,11
3114105,67354213131311,11
3114128,67354213211132,11
3114233,67354213313333,11
3114838,67412353132121,11
3115003,67412353332221,11
3115073,67412531131133,11
3126177,67435121332112,11
3126484,67435123123121,11
3130277,67452313321232,11
3149908,71234563231322,11
3163369,71263541333222,11
3163582,71263542323123,11
3165136,71264533131323,11
3165190,71264533221323,11
3165214,71264533231223,11
3165216,71264533231313,11
3169779,71326451211311,11
3170242,71326453132121,11
3171147,71326543333313,11
3172916,71345262132131,11
3180408,71362453113311,11
3184251,71365423331312,11
3184862,71423563213232,11
3185591,71423653213232,11
3187848,71426353312211,11
3188641,71426533333223,11
3188797,71432561232323,11
3188858,71432561323232,11
3188893,71432562111221,11
3189279,71432563232213,11
3189339,71432563323113,11
3189340,71432563323122,11
3189357,71432563332113,11
3190307,71435261322233,11
3190465,71435262222122,11
3190672,71435263211123,11
3190753,71435263311122,11
3190826,71435263333133,11
3190828,71435263333223,11
3191561,71435623333331,11
3192282,71436253333112,11
3193610,71452363213232,11
3194111,71452632222131,11
3194842,71453262222221,11
3195856,71453623311122,11
3196870,71456321322323,11
3196912,71456322111221,11
3198148,71462531113322,11
3198369,71462532111212,11
3198393,71462532121112,11
3198613,71462533111223,11
3198717,71462533221113,11
3200287,71463523331222,11
3202314,71523463131311,11
3202395,71523463231313,11
3202476,71523463331312,11
3206744,71532463221332,11
3207883,71534262122222,11
3211801,71542633132322,11
3212948,71543622111131,11
3213190,71543623111121,11
3214137,71546233331213,11
3214542,71546322231212,11
3216155,71562433123232,11
3216946,71563243221221,11
3223496,71625433213133,11
3229851,71643252231212,11
3230904,71643523331213,11
3237177,72134562312212,11
3240608,72136541322233,11
3241745,72143563222331,11
3241890,72143651121113,11
3241917,72143651131112,11
3241962,72143651213111,11
3242034,72143651312111,11
3242112,72143652111311,11
3242352,72143653111211,11
3243478,72145631233223,11
3243956,72145633232231,11
3243982,72145633312223,11
3244441,72146352232223,11
3250165,72163452122222,11
3250398,72163453121213,11
3250425,72163453131212,11
3250448,72163453133333,11
3250592,72163453331333,11
3251880,72164353131113,11
3253553,72165431113331,11
3253770,72165432111113,11
3253771,72165432111122,11
3253851,72165432211112,11
3253983,72165432323312,11
3254013,72165433111112,11
3254048,72165433121333,11
3254126,72165433221233,11
3254173,72165433233323,11
3254206,72165433321223,11
3254232,72165433331213,11
3260817,72345611111111,11
3260889,72345611133113,11
3260929,72345611221223,11
3260938,72345611222222,11
3261041,72345611331332,11
3261096,72345612122111,11
3261284,72345612331331,11
3261415,72345613221221,11
3261545,72345613333331,11
3265936,72356141112323,11
3266064,72356141232113,11
3266488,72356143211123,11
3268016,72361453232333,11
3268589,72361542333233,11
3271386,72365412222212,11
3271542,72365413121312,11
3271566,72365413131212,11
3271733,72365413331333,11
3278310,72435163333313,11
3290128,72513641232323,11
3290137,72513641233322,11
3292591,72516342313223,11
3294302,72531463321232,11
3295648,72534163211123,11
3298728,72541631111213,11
3298731,72541631111312,11
3298736,72541631112131,11
3298744,72541631113121,11
3299022,72541632131111,11
3299238,72541633121111,11
3299859,72543162311111,11
3300021,72543163211111,11
3300295,72543611221223,11
3300313,72543611223221,11
3300407,72543611331332,11
3300416,72543611332331,11
3300650,72543612331331,11
3300737,72543613132232,11
3300745,72543613133222,11
3300781,72543613221221,11
3300801,72543613223312,11
3300873,72543613322312,11
3301848,72546311323112,11
3302337,72546313323212,11
3302797,72561342313223,11
3303442,72561432213122,11
3303698,72561433221233,11
3303752,72561433311233,11
3303776,72561433321133,11
3303778,72561433321223,11
3304560,72563411111213,11
3304563,72563411111312,11
3304568,72563411112131,11
3304576,72563411113121,11
3304854,72563412131111,11
3305070,72563413121111,11
3318261,72643513212311,11
3318263,72643513212332,11
3326258,73125463133132,11
3332525,73146522113231,11
3349686,73246153312211,11
3371524,73456123231322,11
3380337,73516243323113,11
3380357,73516243332131,11
3385911,73541262321212,11
3387611,73542163321133,11
3388213,73542613132121,11
3388219,73542613132322,11
3394177,73564213321322,11
3395698,73614251112323,11
3397156,73615241112323,11
3397165,73615241113322,11
3397511,73615242223133,11
3397677,73615243123313,11
3397731,73615243213313,11
3397848,73615243331312,11
3397857,73615243332311,11
3397894,73615421113322,11
3398457,73615423213211,11
3398597,73615423333331,11
3401300,73624513121132,11
3401498,73624513332131,11
3401530,73625141112323,11
3402030,73625143121213,11
3402240,73625143333313,11
3402610,73625412222323,11
3405159,73642511111111,11
3405182,73642511113232,11
3405184,73642511113322,11
3405775,73642513223222,11
3405909,73645121113211,11
3406254,73645122222311,11
3406743,73645211223113,11
3406752,73645211231111,11
3406806,73645211321111,11
3406842,73645211332112,11
3407117,73645213112231,11
3407337,73645213333112,11
3407371,73651241113322,11
3410106,73652413211312,11
3410242,73652413331321,11
3410506,73654122111122,11
3410613,73654122221111,11
3410993,73654211111132,11
3412417,74123563323221,11
3412891,74123652322121,11
3413003,74123653132232,11
3413009,74123653133132,11
3413011,74123653133222,11
3413012,74123653133231,11
3414093,74125631313311,11
3414178,74125632121121,11
3414186,74125632122111,11
3414204,74125632131111,11
3414347,74125632321332,11
3414420,74125633121111,11
3414452,74125633131233,11
3414461,74125633132232,11
3414469,74125633133222,11
3414471,74125633133312,11
3414625,74125633332323,11
3415114,74126352333122,11
3416288,74132561321231,11
3416365,74132562121121,11
3416373,74132562122111,11
3416638,74132563131221,11
3416643,74132563132112,11
3420181,74136522322121,11
3421022,74152363132232,11
3421028,74152363133132,11
3421030,74152363133222,11
3421031,74152363133231,11
3424393,74156322122123,11
3424399,74156322122321,11
3424540,74156322313223,11
3424670,74156323132331,11
3424672,74156323133123,11
3426328,74163251121122,11
3426555,74163252112211,11
3426597,74163252131111,11
3426813,74163253121111,11
3426848,74163253131332,11
3426860,74163253133132,11
3426861,74163253133213,11
3426863,74163253133231,11
3427018,74163253332323,11
3427788,74165231121212,11
3427818,74165231131313,11
3427849,74165231212121,11
3427940,74165231313131,11
3428004,74165232111212,11
3428028,74165232121112,11
3428031,74165232121211,11
3428250,74165233111313,11
3428298,74165233131113,11
3428304,74165233131311,11
3428305,74165233131323,11
3428313,74165233132313,11
3428385,74165233231313,11
3430397,74213652323132,11
3439185,74251633111313,11
3441802,74256311321222,11
3442100,74256313111232,11
3446465,74265312333233,11
3447926,74312652333332,11
3451736,74321563311131,11
3452461,74321653233323,11
3453091,74325163131323,11
3453628,74325612221222,11
3453792,74325613121312,11
3453816,74325613131212,11
3453839,74325613133333,11
3460331,74361253112132,11
3460406,74361253211231,11
3463510,74365211121221,11
3463578,74365211213111,11
3463650,74365211312111,11
3463659,74365211313113,11
3463713,74365211333111,11
3463728,74365212111311,11
3463846,74365212222323,11
3463964,74365212333332,11
3463968,74365213111211,11
3464000,74365213121333,11
3464411,74512361322233,11
3464635,74512362313223,11
3466183,74513263121222,11
3469674,74521632222212,11
3469827,74521633121213,11
3469830,74521633121312,11
3469877,74521633133333,11
3470037,74521633333313,11
3470796,74523611121113,11
3470823,74523611131112,11
3470868,74523611213111,11
3470940,74523611312111,11
3471018,74523612111311,11
3471258,74523613111211,11
3474949,74532163123223,11
3477334,74561231111222,11
3477573,74561232111113,11
3477681,74561232221111,11
3477816,74561233111112,11
3477875,74561233131233,11
3477976,74561233233323,11
3477983,74561233311233,11
3478007,74561233321133,11
3478011,74561233321313,11
3481127,74563211232332,11
3499033,74653213133222,11
3504218,75132463233233,11
3510033,75143263231313,11
3511808,75146321323331,11
3517796,75213642223133,11
3521638,75231463211123,11
3522731,75234161322233,11
3522879,75234162221111,11
3524576,75236143213232,11
3526540,75241632222323,11
3527233,75243162211322,11
3527654,75243611113232,11
3528221,75243613213232,11
3528600,75246131333312,11
3529089,75246311111111,11
3529671,75246313212311,11
3529749,75246313312211,11
3529808,75246313332332,11
3530840,75261432123233,11
3533009,75264132121232,11
3533111,75264132223331,11
3533169,75264132321212,11
3533255,75264133121333,11
3533439,75264133331213,11
3533590,75264311223122,11
3534084,75264313231112,11
3534914,75312463333133,11
3536455,75314621133221,11
3536562,75314621313212,11
3536884,75314623113122,11
3537248,75316241231231,11
3538728,75321461311112,11
3539116,75321463132121,11
3546173,75346122133133,11
3546658,75346211133122,11
3546672,75346211211311,11
3546750,75346211311211,11
3547043,75346212323333,11
3547082,75346213112132,11
3547135,75346213132121,11
3547141,75346213132322,11
3547297,75346213332122,11
3552551,75412631223332,11
3555966,75416323232213,11
3560997,75431263133213,11
3566559,75462132123212,11
3571190,75613243131332,11
3571203,75613243133213,11
3581542,75634123323122,11
3583665,75641323232111,11
3584112,75642132213311,11
3587326,76123453233323,11
3590318,76125343333133,11
3597189,76143252131312,11
3597241,76143252221222,11
3597429,76143253131212,11
3597596,76143253331333,11
3597612,76143253333313,11
3598371,76145231121113,11
3598380,76145231122112,11
3598398,76145231131112,11
3598452,76145231221112,11
3598514,76145231311331,11
3598640,76145232123332,11
3598743,76145232233213,11
3598809,76145232331313,11
3598815,76145232332213,11
3598905,76145233133213,11
3598982,76145233232333,11
3604167,76154323333112,11
3605492,76213543213133,11
3605561,76213543311332,11
3607232,76215341231231,11
3608543,76215433333133,11
3608595,76231451123111,11
3616598,76245311121131,11
3616624,76245311131121,11
3616674,76245311213312,11
3616877,76245312132131,11
3617092,76245313122122,11
3617101,76245313123121,11
3618803,76253141123132,11
3618845,76253141211332,11
3620175,76253413322312,11
3620869,76254133311323,11
3621510,76254313211111,11
3622005,76312452212111,11
3622239,76312453211111,11
3622326,76312453311311,11
3622836,76312542321212,11
3622843,76312542322121,11
3623089,76312543322222,11
3624597,76315241112113,11
3624606,76315241113112,11
3624714,76315241223113,11
3624787,76315241322122,11
3624801,76315241323313,11
3624813,76315241332112,11
3625160,76315243211231,11
3625288,76315243323323,11
3626326,76321452122123,11
3626332,76321452122321,11
3626333,76321452122333,11
3626341,76321452123323,11
3626384,76321452212231,11
3626389,76321452213122,11
3626687,76321453233131,11
3626699,76321453311233,11
3626718,76321453313312,11
3626723,76321453321133,11
3626745,76321453323311,11
3627099,76321542211112,11
3627342,76321543211111,11
3627425,76321543311131,11
3627518,76324151112233,11
3627520,76324151112323,11
3628198,76324153323122,11
3629694,76325411111213,11
3629697,76325411111312,11
3629702,76325411112131,11
3629710,76325411113121,11
3629728,76325411122121,11
3629913,76325411331311,11
3629944,76325412112121,11
3630072,76325412231212,11
3630173,76325412333233,11
3630298,76325413222223,11
3630423,76341251111213,11
3630426,76341251111312,11
3630431,76341251112131,11
3630439,76341251113121,11
3630529,76341251221121,11
3630588,76341251311313,11
3630813,76341252232313,11
3630878,76341252323333,11
3631017,76341253221212,11
3631061,76341253233131,11
3632612,76342511111231,11
3632614,76342511111321,11
3632814,76342511323112,11
3632998,76342512232223,11
3633192,76342513213112,11
3633291,76342513322111,11
3633301,76342513323122,11
3633303,76342513323212,11
3633660,76345122211112,11
3633661,76345122211121,11
3633684,76345122213311,11
3633741,76345122311111,11
3633903,76345123211111,11
3633984,76345123311113,11
3633986,76345123311131,11
3633996,76345123312211,11
3635539,76351421112323,11
3635548,76351421113322,11
3636203,76351423321232,11
3637740,76354121121212,11
3637747,76354121122121,11
3637878,76354121311313,11
3637892,76354121313131,11
3637956,76354122111212,11
3637963,76354122112121,11
3638047,76354122212222,11
3638278,76354123211123,11
3638279,76354123211132,11
3638384,76354123313333,11
3638788,76354212213323,11
3638858,76354212312233,11
3638869,76354212313322,11
3638924,76354212333332,11
3639046,76354213222223,11
3639100,76354213312223,11
3643597,76421351131121,11
3657255,76512343213313,11
3657381,76512343332311,11
3660325,76514321112323,11
3660453,76514321232113,11
3662405,76521433232333,11
3663842,76523413223231,11
3665389,76524313331222,11
3670086,76541232131213,11
3670141,76541232221222,11
3670302,76541233121213,11
3670496,76541233331333,11
3670512,76541233333313,11
3673431,76543211111111,11
3673521,76543211212112,11
3673561,76543211223221,11
3673664,76543211332331,11
3673673,76543211333333,11
3673744,76543212132323,11
3673795,76543212222221,11
3673884,76543212323213,11
3673937,76543213113131,11
